-- Insert sample data into division (15-20 rows)
INSERT INTO `division` (`id`, `div_name`) VALUES
(1, 'สายงานการเงิน'),
(2, 'สายงานไอที'),
(3, 'สายงานทรัพยากรบุคคล'),
(4, 'สายงานการตลาด'),
(5, 'สายงานการขาย'),
(6, 'สายงานบริการลูกค้า'),
(7, 'สายงานจัดซื้อ'),
(8, 'สายงานบัญชี'),
(9, 'สายงานกฎหมาย'),
(10, 'สายงานบริหาร'),
(11, 'สายงานผลิตภัณฑ์'),
(12, 'สายงานวิจัยและพัฒนา'),
(13, 'สายงานขนส่ง'),
(14, 'สายงานคลังสินค้า'),
(15, 'สายงานประชาสัมพันธ์');

-- Insert sample data into dept (15-20 rows for each division - 15-20 total)
INSERT INTO `dept` (`id`, `dept_name`, `div_id`) VALUES
-- สายงานการเงิน (Division 1)
(1, 'สำนักบัญชีการเงิน', 1),
(2, 'สำนักงบประมาณ', 1),
(3, 'สำนักการเงินและธุรการ', 1),

-- สายงานไอที (Division 2)
(4, 'สำนักระบบสารสนเทศ', 2),
(5, 'สำนักพัฒนาโปรแกรม', 2),
(6, 'สำนักโครงข่ายและความปลอดภัย', 2),

-- สายงานทรัพยากรบุคคล (Division 3)
(7, 'สำนักสรรหาและคัดเลือก', 3),
(8, 'สำนักพัฒนาบุคลากร', 3),
(9, 'สำนักค่าตอบแทนและสวัสดิการ', 3),

-- สายงานการตลาด (Division 4)
(10, 'สำนักวางแผนการตลาด', 4),
(11, 'สำนักวิจัยการตลาด', 4),
(12, 'สำนักโฆษณาและประชาสัมพันธ์', 4),

-- สายงานการขาย (Division 5)
(13, 'สำนักขายในประเทศ', 5),
(14, 'สำนักขายต่างประเทศ', 5),
(15, 'สำนักบริหารลูกค้าสัมพันธ์', 5),

-- สายงานบริการลูกค้า (Division 6)
(16, 'สำนักบริการลูกค้า', 6),
(17, 'สำนักสนับสนุนเทคนิค', 6),
(18, 'สำนักประกันคุณภาพ', 6),

-- สายงานจัดซื้อ (Division 7)
(19, 'สำนักจัดซื้อ', 7),
(20, 'สำนักบริหารสัญญา', 7);

-- Insert sample data into position (15-20 rows)
INSERT INTO `position` (`id`, `position_name`) VALUES
(1, 'ผู้จัดการฝ่าย'),
(2, 'ผู้จัดการแผนก'),
(3, 'หัวหน้าแผนก'),
(4, 'ผู้เชี่ยวชาญ'),
(5, 'วิศวกร'),
(6, 'โปรแกรมเมอร์'),
(7, 'นักวิเคราะห์ระบบ'),
(8, 'นักบัญชี'),
(9, 'นักการตลาด'),
(10, 'พนักงานขาย'),
(11, 'เจ้าหน้าที่ทรัพยากรบุคคล'),
(12, 'พนักงานบริการลูกค้า'),
(13, 'ผู้ตรวจสอบ'),
(14, 'นักวิจัย'),
(15, 'นักออกแบบ'),
(16, 'ผู้ช่วยผู้จัดการ'),
(17, 'ผู้ประสานงาน'),
(18, 'ธุรการ'),
(19, 'เสมียน'),
(20, 'พนักงานทั่วไป');

-- Insert sample data into employee (15-20 rows)
INSERT INTO `employee` (`id`, `emp_name`, `position_id`, `dept_id`, `is_register`, `is_deleted`) VALUES
(1, 'สมชาย ใจดี', 1, 1, 0, 0),
(2, 'สุนิสา รักงาน', 2, 2, 1, 0),
(3, 'ประเสริฐ เก่งกล้า', 3, 3, 0, 0),
(4, 'เพ็ญนภา สุขสวัสดิ์', 4, 4, 1, 0),
(5, 'อนุชา วิริยะ', 5, 5, 0, 0),
(6, 'พิมพา ใจงาม', 6, 6, 1, 0),
(7, 'วีรชาติ มั่นคง', 7, 7, 0, 0),
(8, 'อรุณี ฉลาดสุข', 8, 8, 1, 0),
(9, 'ธนวัฒน์ เก่งคิด', 9, 9, 0, 0),
(10, 'กาญจนา ใจเย็น', 10, 10, 1, 0),
(11, 'ชาญวิทย์ รักษ์ธรรม', 11, 11, 0, 0),
(12, 'สุทธิดา ใจบุญ', 12, 12, 0, 0),
(13, 'ประสิทธิ์ ตั้งใจ', 13, 13, 1, 0),
(14, 'วรรณา รู้จริง', 14, 14, 0, 0),
(15, 'ศุภชัย มีวินัย', 15, 15, 1, 0),
(16, 'วิไลลักษณ์ กล้าหาญ', 16, 16, 0, 0),
(17, 'อานนท์ สุขใจ', 17, 17, 1, 0),
(18, 'พัชรี นุ่มนวล', 18, 18, 0, 0),
(19, 'วรพล ใจกว้าง', 19, 19, 1, 0),
(20, 'สิริกานต์ เก่งดี', 20, 20, 0, 0);

-- Insert sample data into register (15-20 rows)
INSERT INTO `register` (`id`, `emp_id`, `table_number`, `sys_datetime`, `is_deleted`) VALUES
(1, 2, 'A-101', '2026-01-07 09:30:00', 0),
(2, 4, 'A-102', '2026-01-07 09:35:00', 0),
(3, 6, 'B-201', '2026-01-07 09:40:00', 0),
(4, 8, 'B-202', '2026-01-07 09:45:00', 0),
(5, 10, 'C-301', '2026-01-07 09:50:00', 0),
(6, 13, 'C-302', '2026-01-07 09:55:00', 0),
(7, 15, 'D-401', '2026-01-07 10:00:00', 0),
(8, 17, 'D-402', '2026-01-07 10:05:00', 0),
(9, 19, 'E-501', '2026-01-07 10:10:00', 0),
(10, 1, 'E-502', '2026-01-07 10:15:00', 0),
(11, 3, 'F-601', '2026-01-07 10:20:00', 0),
(12, 5, 'F-602', '2026-01-07 10:25:00', 0),
(13, 7, 'G-701', '2026-01-07 10:30:00', 0),
(14, 9, 'G-702', '2026-01-07 10:35:00', 0),
(15, 11, 'H-801', '2026-01-07 10:40:00', 0),
(16, 12, 'H-802', '2026-01-07 10:45:00', 0),
(17, 14, 'I-901', '2026-01-07 10:50:00', 0),
(18, 16, 'I-902', '2026-01-07 10:55:00', 0),
(19, 18, 'J-1001', '2026-01-07 11:00:00', 0),
(20, 20, 'J-1002', '2026-01-07 11:05:00', 0);


-- Set auto-increment values correctly
ALTER TABLE `division` AUTO_INCREMENT = 21;
ALTER TABLE `dept` AUTO_INCREMENT = 21;
ALTER TABLE `position` AUTO_INCREMENT = 21;
ALTER TABLE `employee` AUTO_INCREMENT = 21;
ALTER TABLE `register` AUTO_INCREMENT = 21;
